<mujoco model="ur5e scene">

  <include file="ur5e.xml"/>

  <statistic center="0.3 0 0.4" extent="0.8"/>

  <visual>
    <headlight diffuse="0.6 0.6 0.6" ambient="0.1 0.1 0.1" specular="0 0 0"/>
    <rgba haze="0.15 0.25 0.35 1"/>
    <global azimuth="120" elevation="-20"/>
  </visual>

  <asset>
    <texture type="skybox" builtin="gradient" rgb1="0.3 0.5 0.7" rgb2="0 0 0" width="512" height="3072"/>
    <texture type="2d" name="groundplane" builtin="checker" mark="edge" rgb1="0.2 0.3 0.4" rgb2="0.1 0.2 0.3"
      markrgb="0.8 0.8 0.8" width="300" height="300"/>
    <material name="groundplane" texture="groundplane" texuniform="true" texrepeat="5 5" reflectance="0.2"/>

    <!--meshes-->
    <mesh name ="table" file="sigmund_table.obj" scale= "1 1 1"/>

  </asset>

  <worldbody>
    <!--	================= Coordinate system ================= /-->
		<light directional="false" cutoff="135" exponent="10" diffuse=".7 .7 .7" pos="0.4 -0.2 5.5" dir="-0.4 0.2 -5.5" specular=".3 .3 .3"/>
		<geom group="2" type="cylinder" contype="0" conaffinity="0" fromto="0 0 0 1 0 0" size="0.01" rgba="1 0 0 1"/>
		<geom group="2" type="cylinder" contype="0" conaffinity="0" fromto="0 0 0 0 1 0" size="0.01" rgba="0 1 0 1"/>
		<geom group="2" type="cylinder" contype="0" conaffinity="0" fromto="0 0 0 0 0 1" size="0.01" rgba="0 0 1 1"/>

    <light pos="0 0 1.5" dir="0 0 -1" directional="true"/>
    <geom name="floor" size="0 0 0.05" type="plane" material="groundplane"/>

      <!--table -->
    <body name = "table" euler="0 0 -1.57" pos= "-0.70 -0.23 0.74" >
      <geom type="mesh" mesh="table"/>
    </body>
  </worldbody>

</mujoco>
